ROASTER,ROAST,LOC_COUNTRY,ORIGIN,100G_USD,RATING
Revel Coffee,Medium-Light,United States,Ethiopia,4.7,92
Roast House,Medium-Light,United States,Ethiopia,4.19,92
Big Creek Coffee Roasters,Medium,United States,Ethiopia,4.85,94
Red Rooster Coffee Roaster,Light,United States,Ethiopia,5.14,93
Willoughby's Coffee & Tea,Medium-Light,United States,Ethiopia,3.97,93
Black Oak Coffee Roasters,Medium-Light,United States,Ethiopia,5.14,93
Wonderstate Coffee,Medium-Light,United States,Ethiopia,5.29,93
Reunion Island Coffee,Medium,Canada,Ethiopia,3.76,94
Old Soul Co.,Medium,United States,Ethiopia,5.73,90
A.R.C.,Medium-Light,Hong Kong,Ethiopia,6.87,92
A.R.C.,Medium-Light,Hong Kong,Ethiopia,6.87,91
Paradise Roasters,Medium-Light,United States,Ethiopia,5.28,93
Hula Daddy Kona Coffee,Medium-Light,Hawai'i,Hawai'I,33.05,97
Kakalove Cafe,Medium-Light,Taiwan,Kenya,4.6,95
Jackrabbit Java,Medium-Dark,United States,Kenya,5.29,92
Kakalove Cafe,Medium-Light,Taiwan,Ethiopia,3.89,95
Propeller Coffee,Medium-Light,Canada,Kenya,4.65,94
Chocolate Fish Coffee Roasters,Light,United States,Guatemala,5.58,93
Lexington Coffee Roasters,Medium-Light,United States,Kenya,5.86,93
Big Creek Coffee Roasters,Medium-Light,United States,Ethiopia,4.41,92
Noble Coffee Roasting,Light,United States,Ethiopia,5.58,93
Ben's Beans,Medium-Light,United States,Ethiopia,4.98,92
Espresso Republic,Medium,United States,Colombia,4.98,89
Roast House,Medium-Light,United States,Ethiopia,7.35,93
Good Folks Coffee,Medium-Light,United States,Kenya,6.47,95
Flight Coffee Co.,Medium-Light,United States,Kenya,4.41,94
Green Stone Coffee,Light,Taiwan,Ethiopia,8.44,94
Willoughby's Coffee & Tea,Medium-Light,United States,Panama,16.17,96
Equator Coffees & Teas,Medium-Light,United States,Panama,32.63,94
Hula Daddy Kona Coffee,Medium-Light,Hawai'i,Hawai'I,19.82,95
Klatch Coffee,Medium-Light,United States,Kenya,5.86,95
Paradise Roasters,Medium-Light,United States,Colombia,4.98,93
Ka'u Specialty Coffee,Medium-Light,Hawai'i,Hawai'I,13,93
Simon Hsieh’s Aroma Roast Coffees,Medium,Taiwan,Ethiopia,17.7,93
PT's Coffee Roasting,Medium-Light,United States,Panama,26.46,95
PT's Coffee Roasting,Light,United States,Panama,17.64,93
Hala Tree Kona Coffee,Medium-Light,Hawai'i,Hawai'I,13.23,92
Chocolate Fish Coffee Roasters,Light,United States,Guatemala,5,93
Barrington Coffee Roasting,Light,United States,Nicaragua,5.28,94
Espresso Republic,Medium-Light,United States,Kenya,7.35,92
The WestBean Coffee Roasters,Medium-Light,United States,Kenya,7.05,91
Mystic Monk Coffee,Medium,United States,Ethiopia,4.11,90
JBC Coffee Roasters,Medium-Light,United States,Ethiopia,5.51,95
"Good Chance Biotechnology, Ltd.",Medium-Light,Taiwan,Ethiopia,90.83,93
"Good Chance Biotechnology, Ltd.",Medium-Light,Taiwan,Ethiopia,90.83,93
Ka'u Specialty Coffee,Medium-Light,Hawai'i,Hawai'I,13,90
Red Rooster Coffee Roaster,Light,United States,Ethiopia,4.99,94
Manzanita Roasting Company,Light,United States,Colombia,5,92
Bird Rock Coffee Roasters,Medium-Light,United States,Panama,22.49,95
A.R.C.,Medium-Light,Hong Kong,Indonesia,8.02,92
Temple Coffee and Tea,Light,United States,Panama,23.81,95
Temple Coffee and Tea,Medium-Light,United States,Ethiopia,5.58,92
Simon Hsieh’s Aroma Roast Coffees,Medium-Dark,Taiwan,Ethiopia,9.2,95
The WestBean Coffee Roasters,Medium,United States,Ethiopia,7.05,92
Revel Coffee,Medium-Light,United States,Kenya,4.56,92
Kakalove Cafe,Light,Taiwan,Ethiopia,4.25,93
Kakalove Cafe,Light,Taiwan,Ethiopia,4.6,94
Red Rooster Coffee Roaster,Light,United States,Peru,4.85,93
Durango Coffee Company,Medium-Light,United States,Guatemala,4.63,94
JBC Coffee Roasters,Medium-Light,United States,Colombia,4.63,93
Durango Coffee Company,Medium,United States,Rwanda,4.98,93
Barrington Coffee Roasting,Light,United States,Ethiopia,8.77,96
Barrington Coffee Roasting,Medium,United States,Nepal,8.77,90
Caffe Luxxe,Medium-Light,United States,Costa Rica,7.35,91
Java Blend Coffee Roasters,Medium-Light,Canada,Ethiopia,3.31,92
Big Shoulders Coffee,Light,United States,Kenya,4.41,94
Caffeic,Medium-Light,United States,Ethiopia,4.12,93
Kakalove Cafe,Light,Taiwan,Ethiopia,3.92,93
Mr. Espresso,Medium,United States,Rwanda,4.26,92
Hula Daddy Kona Coffee,Medium,Hawai'i,Hawai'I,19.82,95
Paradise Roasters,Medium-Light,United States,Ethiopia,5.28,94
Red Rooster Coffee Roaster,Medium-Light,United States,Ethiopia,4.85,93
Paradise Roasters,Medium-Light,United States,Ecuador,6.15,93
Greater Goods Coffee Roasters,Medium-Light,United States,Kenya,5,93
Tico Coffee Roasters,Light,United States,Ethiopia,5.88,93
Bird Rock Coffee Roasters,Medium-Light,United States,Colombia,22.49,95
Roasters Note,Light,Taiwan,Ethiopia,6.51,94
PT's Coffee Roasting,Medium,United States,Colombia,16.53,95
JBC Coffee Roasters,Medium-Light,United States,Ethiopia,5.51,94
JBC Coffee Roasters,Medium-Light,United States,Colombia,4.63,93
Kakalove Cafe,Medium-Light,Taiwan,Panama,12.74,94
Evie's Cafe,Medium-Light,Taiwan,Ethiopia,4.93,92
Kakalove Cafe,Medium-Light,Taiwan,Panama,13.45,94
Espresso Republic,Medium-Light,United States,Indonesia,5.88,91
Soul Work Coffee,Medium-Light,United States,Brazil,6.61,92
Coffee Please,Light,Taiwan,Ethiopia,4.96,94
Dragonfly Coffee Roasters,Medium-Light,United States,Panama,33.07,95
Dragonfly Coffee Roasters,Medium-Light,United States,Panama,63.93,95
Peri Coffee,Medium-Light,United States,Ethiopia,5.73,93
Moore Coffee,Medium,United States,Kenya,5.28,94
Hula Daddy Kona Coffee,Medium-Light,Hawai'i,Hawai'I,20.26,94
Argyle Coffee Roasters,Medium-Light,United States,Ethiopia,5.29,93
Rusty's Hawaiian Coffee,Medium-Light,Hawai'i,Hawai'I,12.35,93
Bluebeard Coffee Roasters,Medium-Light,United States,Ethiopia,5,93
Dragonfly Coffee Roasters,Medium-Light,United States,Democratic Republic Of The Congo,5.29,94
Green Stone Coffee,Medium,Taiwan,Kenya,6.83,92
Direct Coffee,Medium-Light,Taiwan,Kenya,8.88,92
Dragonfly Coffee Roasters,Medium-Light,United States,Colombia,15.43,95
Lexington Coffee Roasters,Medium-Light,United States,Colombia,4.85,92
Coffee Please,Medium-Light,Taiwan,Kenya,5.66,92
Big Creek Coffee Roasters,Medium-Light,United States,Brazil,4.56,91
Nook Bakery & Coffee Bar,Medium-Light,United States,Brazil,5.64,91
Novel Coffee Roasters,Medium-Light,United States,Brazil,5.29,91
Back Home Coffee,Medium-Light,Taiwan,Brazil,5.92,90
Old Soul Co.,Medium-Light,United States,Brazil,5.29,93
Auto Coffee,Medium-Light,Taiwan,Brazil,3.19,93
Corvus Coffee Roasters,Medium-Light,United States,Brazil,4.56,92
The Curve Coffee Roasting Co.,Medium-Light,Taiwan,Ethiopia,8.5,93
Mustard Seed Cafe,Medium-Light,Taiwan,Burundi,9.16,92
Big Creek Coffee Roasters,Medium-Light,United States,Rwanda,4.56,90
Olympia Coffee Roasting,Medium-Light,United States,Burundi,4.52,93
Green Stone Coffee,Medium-Light,Taiwan,Burundi,9.24,92
Kakalove Cafe,Medium-Light,Taiwan,Burundi,5.31,92
Caffeic,Medium,United States,Burundi,4.41,93
Red Rooster Coffee Roaster,Light,United States,Ethiopia,5.58,94
Small Eyes Cafe,Light,Taiwan,Ethiopia,5.66,93
Kakalove Cafe,Light,Taiwan,Ethiopia,3.68,94
Magnolia Coffee,Medium-Light,United States,Costa Rica,5.29,94
Small Eyes Cafe,Medium-Light,Taiwan,Ethiopia,21.24,95
Taokas Coffee,Medium-Dark,Taiwan,Ethiopia,6.02,95
Durango Coffee Company,Medium,United States,Costa Rica,4.98,95
States Coffee & Mercantile,Medium-Light,United States,Ethiopia,5.29,93
States Coffee & Mercantile,Medium-Light,United States,Guatemala,5.29,93
Espresso Republic,Medium-Light,United States,Peru,4.1,92
Espresso Republic,Medium-Light,United States,Peru,4.1,90
Temple Coffee and Tea,Medium-Light,United States,Kenya,6.17,93
Temple Coffee and Tea,Medium-Light,United States,Costa Rica,6.03,91
Evie's Cafe,Medium,Taiwan,Kenya,5.64,92
Kakalove Cafe,Medium-Light,Taiwan,Ethiopia,3.89,94
Crown & Fancy,Medium,Taiwan,Guatemala,5.36,92
Green Stone Coffee,Medium,Taiwan,Ethiopia,8.21,95
Lexington Coffee Roasters,Medium-Light,United States,Ethiopia,5.57,93
Difference Coffee,,England,Panama,111.11,94
Paradise Roasters,Medium-Light,United States,Guatemala,3.51,93
JBC Coffee Roasters,Medium-Light,United States,Kenya,5.73,94
Soul Work Coffee,Medium-Light,United States,Guatemala,5.88,92
Soul Work Coffee,Medium-Light,United States,Colombia,5.88,91
PT's Coffee Roasting,Medium-Light,United States,Colombia,6.91,93
Argyle Coffee Roasters,Medium-Light,United States,Costa Rica,5.29,92
Barrington Coffee Roasting,Light,United States,Kenya,11.76,95
Barrington Coffee Roasting,Medium-Light,United States,Indonesia,11.76,92
Dragonfly Coffee Roasters,Medium-Light,United States,Ethiopia,5.29,94
Dragonfly Coffee Roasters,Medium-Light,United States,Ethiopia,5.29,94
Kakalove Cafe,Medium-Light,Taiwan,Guatemala,3.89,94
Big Shoulders Coffee,Medium-Light,United States,Ethiopia,5.29,93
Big Creek Coffee Roasters,Medium-Light,United States,Ethiopia,4.7,93
Big Shoulders Coffee,Medium-Light,United States,Ethiopia,5.29,94
Big Creek Coffee Roasters,Medium-Light,United States,Ethiopia,4.7,93
Big Creek Coffee Roasters,Medium-Light,United States,Guatemala,4.41,92
Greater Goods Coffee Roasters,Medium-Light,United States,Ethiopia,5.29,93
Revel Coffee,Medium-Light,United States,Ethiopia,5,93
Temple Coffee and Tea,Medium-Light,United States,Ethiopia,5.14,94
Temple Coffee and Tea,Medium-Light,United States,Kenya,6.03,94
JBC Coffee Roasters,Medium-Light,United States,Ethiopia,5.51,95
JBC Coffee Roasters,Medium-Light,United States,Ethiopia,5.51,93
JBC Coffee Roasters,Medium-Light,United States,Colombia,4.63,91
JBC Coffee Roasters,Medium-Light,United States,Kenya,5.73,94
Temple Coffee and Tea,Medium-Light,United States,Kenya,5.73,94
JBC Coffee Roasters,Medium-Light,United States,Kenya,5.73,94
Dragonfly Coffee Roasters,Medium-Light,United States,Panama,33.07,96
Revel Coffee,Medium-Light,United States,Kenya,4.92,94
Caffeic,Medium-Light,United States,Ethiopia,3.97,93
Mystic Monk Coffee,Medium,United States,Kenya,3.51,93
Sweet Bloom Coffee Roasters,Medium-Light,United States,Kenya,5.88,93
Corvus Coffee Roasters,Light,United States,Kenya,6.17,92
Desert Sun Coffee Roasters,Medium-Light,United States,Ethiopia,4.7,92
Jackrabbit Java,Medium-Light,United States,Colombia,3.53,92
Simon Hsieh's Aroma Roast Coffees,Medium-Dark,Taiwan,Ethiopia,9.91,95
Simon Hsieh's Aroma Roast Coffees,Medium-Dark,Taiwan,Kenya,10.62,94
Kakalove Cafe,Medium-Light,Taiwan,Kenya,5.31,96
Durango Coffee Company,Medium,United States,Ethiopia,4.98,93
North Coast Coffee Roasting,Medium-Light,United States,Ethiopia,4.76,90
Klatch Coffee,Medium-Light,United States,Kenya,5.86,94
Grounds for Change,Medium,United States,Guatemala,3.6,92
Steady State Roasting Company,Light,United States,Ethiopia,5.29,91
Branch Street Coffee Roasters,Medium-Light,United States,Kenya,5.73,95
Dragonfly Coffee Roasters,Medium-Light,United States,Panama,33.07,95
Dragonfly Coffee Roasters,Medium-Light,United States,Panama,19.84,96
Barrington Coffee Roasting,Medium-Light,United States,Colombia,4.54,91
Temple Coffee and Tea,Medium-Light,United States,Colombia,5.44,92
Temple Coffee and Tea,Medium-Light,United States,Guatemala,5.14,92
GK Coffee,Medium-Light,Taiwan,Kenya,9.6,93
GK Coffee,Medium-Light,Taiwan,Ethiopia,8,93
Lexington Coffee Roasters,Medium-Light,United States,Guatemala,5,90
Dragonfly Coffee Roasters,Medium-Light,United States,Panama,30.86,95
Dragonfly Coffee Roasters,Medium-Light,United States,Costa Rica,19.84,94
Fumi Coffee,Medium-Light,Taiwan,Guatemala,20.53,95
Bird Rock Coffee Roasters,Medium-Light,United States,Guatemala,6.17,94
Augie's Coffee Roasters,Medium-Light,United States,Guatemala,5.29,93
Barrington Coffee Roasting,Medium-Light,United States,Guatemala,5.57,93
Kakalove Cafe,Light,Taiwan,Guatemala,7.08,93
Small Eyes Cafe,Light,Taiwan,Nicaragua,11.02,93
Ho Soo Tsai,Medium-Light,Taiwan,Ethiopia,7.94,95
Joe Van Gogh Coffee,Medium-Light,United States,Colombia,14.11,94
Bird Rock Coffee Roasters,Medium-Light,United States,Panama,19.84,94
Willoughby's Coffee & Tea,Medium-Light,United States,Panama,15.87,94
Willoughby's Coffee & Tea,Medium-Light,United States,Panama,11.75,93
Willoughby's Coffee & Tea,Medium-Light,United States,Panama,11.75,93
Ben's Beans,Medium-Light,United States,Ethiopia,4.98,93
Temple Coffee and Tea,Medium-Light,United States,Ethiopia,5.58,91
Espresso Republic,Medium-Light,United States,Colombia,4.41,91
Espresso Republic,Medium,United States,Colombia,4.98,90
Bird Rock Coffee Roasters,Medium-Light,United States,Ethiopia,6.76,93
Hula Daddy Kona Coffee,Medium,Hawai'i,Hawai'I,19.82,96
Topeca Coffee Roasters,Medium-Light,United States,Ethiopia,4.7,93
Small Eyes Cafe,Medium-Light,Taiwan,Kenya,7.05,94
Red Rooster Coffee Roaster,Medium-Light,United States,Ethiopia,5.29,94
Temple Coffee and Tea,Medium-Light,United States,Guatemala,5.14,93
Red Rooster Coffee Roaster,Light,United States,Ethiopia,5.29,94
Temple Coffee and Tea,Medium,United States,Kenya,5.88,93
JBC Coffee Roasters,Medium-Light,United States,Indonesia,4.7,92
Kakalove Cafe,Medium-Light,Taiwan,Kenya,4.25,94
Kakalove Cafe,Medium-Light,Taiwan,Ethiopia,4.11,95
Kakalove Cafe,Medium-Light,Taiwan,Ethiopia,4.25,94
Willoughby's Coffee & Tea,Medium-Light,United States,Panama,16.17,93
Olympia Coffee Roasting,Medium-Light,United States,Ethiopia,5.73,93
Speckled Ax,Medium-Light,United States,El Salvador,7.35,92
Steadfast Coffee,Medium-Light,United States,Ethiopia,6.76,92
Broadsheet Coffee,Medium-Light,United States,Ethiopia,6.17,92
De Clieu Coffee,Medium-Light,Taiwan,Ethiopia,5.66,92
Hula Daddy Kona Coffee,Medium-Light,Hawai'i,Hawai'I,19.82,95
Turnstile Coffee Roasters,Medium-Light,United States,Ethiopia,6.61,94
JBC Coffee Roasters,Medium-Light,United States,Ethiopia,5.44,94
Blues Brew Coffee,Medium-Light,Taiwan,Ethiopia,6.4,93
Flight Coffee Co.,Medium-Light,United States,Ethiopia,5,93
Temple Coffee Roasters,Medium,United States,Kenya,5.58,95
Temple Coffee Roasters,Medium-Light,United States,Ethiopia,5.88,93
JBC Coffee Roasters,Medium-Light,United States,Democratic Republic Of The Congo,4.97,94
Paradise Roasters,Medium-Light,United States,Ethiopia,5.28,93
Bird Rock Coffee Roasters,Medium-Light,United States,Panama,26.46,97
Kaffetre,Medium-Light,Taiwan,Colombia,6.61,94
Paradise Roasters,Medium-Light,United States,Colombia,7.61,94
Dragonfly Coffee Roasters,Medium-Light,United States,Rwanda,7.05,94
Dragonfly Coffee Roasters,Medium-Light,United States,Ethiopia,5.29,94
Temple Coffee Roasters,Medium,United States,Kenya,6.47,94
Origin Coffee Roasters,Medium-Light,Hawai'i,Colombia,5.58,92
Mystic Monk Coffee,Medium,United States,Ethiopia,4.11,91
Speedwell Coffee,Medium-Light,United States,Ethiopia,5.29,92
Barrington Coffee Roasting,Medium-Light,United States,Ethiopia,11.76,93
Gracenote Coffee Roasters,Medium-Light,United States,Ethiopia,5.58,93
Tandem Coffee,Medium-Light,United States,Ethiopia,5.29,93
Willoughby's Coffee & Tea,Medium-Light,United States,Ethiopia,4.41,94
Paradise Roasters,Medium-Light,United States,Ecuador,7.61,93
PT's Coffee Roasting Co.,Medium-Light,United States,Ecuador,6.91,93
Big Creek Coffee Roasters,Medium-Light,United States,Ethiopia,4.7,93
Hala Tree Kona Coffee,Medium-Light,Hawai'i,Hawai'I,13.23,93
Hala Tree Kona Coffee,Medium-Light,Hawai'i,Hawai'I,13.23,92
Big Creek Coffee Roasters,Medium-Light,United States,Rwanda,4.41,91
Greater Goods Coffee Roasters,Medium-Light,United States,Kenya,5.58,94
States Coffee & Mercantile,Medium-Light,United States,Ethiopia,5.29,94
Santos Coffee,Light,Hawai'i,Ethiopia,3.56,94
Dragonfly Coffee Roasters,Medium-Light,United States,Kenya,5.29,97
Small Eyes Cafe,Medium-Light,Taiwan,Indonesia,6.8,93
Barrington Coffee Roasting,Light,United States,Indonesia,4.98,92
Kakalove Cafe,Medium-Light,Taiwan,Ethiopia,4.6,95
Kakalove Cafe,Medium-Light,Taiwan,Panama,15.58,94
Plat Coffee Roastery,Medium,Hong Kong,Kenya,16.29,93
Corvus Coffee Roasters,Medium-Light,United States,Rwanda,5,92
Jampot Poorock Abbey,Medium,United States,Hawai'I,10.58,90
Temple Coffee Roasters,Medium-Light,United States,Democratic Republic Of The Congo,5.44,92
Cafe Virtuoso,Medium-Light,United States,Ethiopia,5.58,95
JBC Coffee Roasters,Medium-Light,United States,Rwanda,4.76,93
JBC Coffee Roasters,Medium-Light,United States,Rwanda,4.76,92
Small Eyes Café,Medium-Light,Taiwan,Ethiopia,4.96,95
PT's Coffee Roasting Co.,Medium,United States,Colombia,16.53,95
Lexington Coffee Roasters,Medium-Light,United States,Colombia,4.69,90
Fumi Coffee,Medium,Taiwan,Indonesia,8.38,93
Paradise Roasters,Medium-Light,United States,Indonesia,5.86,93
JBC Coffee Roasters,Medium-Light,United States,Colombia,4.67,91
Paradise Roasters,Light,United States,Hawai'I,17.59,94
Equator Coffees,Medium-Light,United States,Hawai'I,37.04,94
Big Island Coffee Roasters,Medium-Light,Hawai'i,Hawai'I,10.93,93
Hula Daddy Kona Coffee,Medium-Light,Hawai'i,Hawai'I,28.2,93
Nine Point Coffee,Medium-Light,Taiwan,Hawai'I,21.6,93
Rusty's Hawaiian,Medium-Light,Hawai'i,Hawai'I,10.58,92
Three Chairs Specialty Turkish Coffee,Medium-Light,United States,Hawai'I,14.11,92
Beanfruit Coffee Co.,Medium-Light,United States,Colombia,4.7,91
Dou Zhai Coffee & Roast,Medium,Taiwan,Colombia,17.07,94
Dou Zhai Coffee & Roast,Medium-Light,Taiwan,Ethiopia,8.53,94
Baba Java Coffee,Medium,United States,Yemen,12.35,93
Temple Coffee Roasters,Medium-Light,United States,Ethiopia,5.29,92
Direct Coffee,Medium-Light,Taiwan,Ethiopia,9.39,95
Paradise Roasters,Medium-Light,United States,Colombia,7.33,94
Steady State Roasting Company,Medium-Light,United States,Colombia,5.88,94
Kakalove Cafe,Medium-Light,Taiwan,Kenya,5.1,94
Cafe Virtuoso,Medium,United States,Hawai'I,17.64,93
Kakalove Cafe,Medium,Taiwan,Guatemala,2.55,92
JBC Coffee Roasters,Medium-Light,United States,Panama,43.65,94
Bird Rock Coffee Roasters,Medium-Light,United States,Colombia,26.46,96
Bird Rock Coffee Roasters,Medium-Light,United States,Colombia,5.58,92
JBC Coffee Roasters,Medium-Light,United States,Colombia,4.67,91
JBC Coffee Roasters,Medium-Light,United States,Kenya,6.23,97
Bird Rock Coffee Roasters,Medium-Light,United States,Colombia,8.82,93
SkyTop Coffee,Medium-Light,United States,Ethiopia,4.41,92
Big Shoulders Coffee,Medium-Light,United States,Peru,6.17,93
JBC Coffee Roasters,Medium-Light,United States,Guatemala,4.67,93
Kakalove Cafe,Medium-Light,Taiwan,Peru,3.68,93
Kakalove Cafe,Medium,Taiwan,Guatemala,2.83,93
Dragonfly Coffee Roasters,Medium-Light,United States,Ethiopia,5.29,96
Caffe Luxxe,Medium-Light,United States,Kenya,6.76,94
Greater Goods Coffee Roasters,Medium,United States,Kenya,5.58,94
Kauai Coffee Company,Medium-Light,Hawai'i,Hawai'I,21.16,90
Small Eyes Cafe,Medium-Light,Taiwan,Ethiopia,2.56,93
Pro Aroma Enterprise Coffee,Medium-Light,Taiwan,Ethiopia,13.23,93
Good Chance Biotechnology,Medium-Light,Taiwan,Ethiopia,90.83,93
JBC Coffee Roasters,Medium-Light,United States,Ethiopia,4.82,93
Kakalove Cafe,Medium-Dark,Taiwan,Ethiopia,3.19,93
Barrington Coffee Roasting,Medium-Light,United States,Kenya,11.76,94
JBC Coffee Roasters,Medium-Light,United States,Kenya,6.23,97
Kakalove Cafe,Medium,Taiwan,Kenya,4.96,95
Kakalove Cafe,Medium-Light,Taiwan,Ethiopia,3.68,94
Kakalove Cafe,Medium-Light,Taiwan,Ethiopia,3.89,94
Dinwei Cafe,Light,Taiwan,El Salvador,16.7,92
Deeper Roots Coffee,Medium,United States,El Salvador,7.35,91
Duluth Coffee,Medium,United States,El Salvador,9.92,91
94 Fresh Coffee,Medium-Light,Taiwan,Ethiopia,6.34,93
Lexington Coffee Roasters,Medium,United States,Ethiopia,6.17,94
Kakalove Cafe,Medium-Light,Taiwan,Ethiopia,4.25,94
Temple Coffee Roasters,Medium,United States,Guatemala,5.58,93
Temple Coffee Roasters,Medium,United States,Kenya,6.76,92
Temple Coffee Roasters,Medium-Light,United States,Guatemala,5.58,92
JBC Coffee Roasters,Medium-Light,United States,Ethiopia,22.71,94
Kakalove Café,Medium-Light,Taiwan,Panama,21.24,96
Dragonfly Coffee Roasters,Medium-Light,United States,Panama,26.46,95
GK Coffee,Medium-Light,Taiwan,Ethiopia,38.4,94
Mudhouse Coffee Roasters,Medium-Light,United States,Ethiopia,22.05,94
Temple Coffee Roasters,Medium-Light,United States,Ethiopia,5.58,94
JBC Coffee Roasters,Medium-Light,United States,Ethiopia,5.03,94
JBC Coffee Roasters,Medium-Light,United States,Ethiopia,5.03,93
Jackrabbit Java,Medium-Light,United States,Panama,3.53,94
JBC Coffee Roasters,Medium-Light,United States,Kenya,5.5,93
JBC Coffee Roasters,Medium-Light,United States,Kenya,5.5,93
MJ Bear Coffee,Light,Taiwan,Ethiopia,4.96,94
Coffeebar,Medium-Light,United States,Ethiopia,5.88,93
Pedestrian Coffee,Medium-Light,United States,Ethiopia,5.29,93
JBC Coffee Roasters,Medium-Light,United States,Ethiopia,17.61,95
Kakalove Cafe,Medium-Light,Taiwan,Ethiopia,4.6,94
Kakalove Cafe,Medium,Taiwan,Guatemala,3.54,93
Kakalove Cafe,Medium-Light,Taiwan,Guatemala,3.54,92
Kakalove Cafe,Medium,Taiwan,Guatemala,2.83,92
Durango Coffee Company,Medium,United States,Colombia,8.8,92
Simon Hsieh's Aroma Roast Coffees,Dark,Taiwan,Indonesia,8.5,94
Branch Street Coffee Roasters,Medium-Light,United States,Ethiopia,5.73,94
Bird Rock Coffee Roasters,Medium,United States,Colombia,26.46,96
Collage Coffee,Medium-Light,United States,Costa Rica,5.29,93
Manzanita Roasting Company,Light,United States,Costa Rica,5.29,93
Lucky Cafe,Medium-Light,Taiwan,Colombia,25.6,92
Small Eyes Cafe,Medium-Light,Taiwan,Ethiopia,19.2,92
Coffeebar,Medium-Light,United States,Ethiopia,5.88,93
Temple Coffee Roasters,Medium-Light,United States,Kenya,6.47,93
Baba Java Coffee,Light,United States,Colombia,5.29,91
Campos Coffee,Medium-Light,Australia,Panama,69,96
South Slope Coffee Roasters,Medium-Light,United States,Nicaragua,5.29,92
Souvenir Coffee,Medium-Light,United States,Ethiopia,4.7,92
Klatch Coffee,Medium-Light,United States,Panama,6.45,95
Small Eyes Cafe,Medium-Light,Taiwan,Ethiopia,3.2,95
Klatch Coffee,Medium-Light,United States,Ethiopia,5.28,93
Klatch Coffee,Medium-Light,United States,Kenya,6.16,93
Blues Brew Coffee,Medium-Light,Taiwan,Ethiopia,6.4,93
JBC Coffee Roasters,Medium-Light,United States,Kenya,5.64,94
Simon Hsieh’s Aroma Roast Coffees,Medium-Dark,Taiwan,Ethiopia,15.58,93
Black & White Coffee Roasters,Medium-Light,United States,Costa Rica,5.88,93
Quartet Kaffe,Medium-Light,Taiwan,Kenya,9.12,95
Amavida Coffee Roasters,Medium-Light,United States,Ethiopia,5.86,93
Big Shoulders Coffee,Medium-Light,United States,Kenya,6.17,93
Quartet Kaffe,Medium-Light,Taiwan,Ethiopia,8,93
Big Shoulders Coffee,Medium-Light,United States,Guatemala,6.17,92
MK Coffee Roasters,Medium,Taiwan,Ethiopia,6.4,91
Klatch Coffee,Medium-Light,United States,Guatemala,4.98,90
Chez Cafe,Medium-Light,Taiwan,Ethiopia,4.8,93
Klatch Coffee,Medium-Light,United States,Panama,41.12,94
Kakalove Cafe,Medium,Taiwan,Kenya,4.25,94
Kakalove Cafe,Medium-Light,Taiwan,Kenya,4.25,94
Kakalove Cafe,Medium-Light,Taiwan,Ethiopia,4.25,94
Red Rooster Coffee Roaster,Medium-Light,United States,Ethiopia,6.17,95
Paradise Roasters,Medium-Light,United States,Hawai'I,17.59,93
Durango Coffee Company,Medium,United States,Costa Rica,4.69,93
Paradise Roasters,Medium,United States,Ethiopia,5.86,93
Battlecreek Coffee Roasters,Medium-Light,United States,Ethiopia,5.29,93
Press House Coffee,Medium,United States,Costa Rica,4.03,92
GK Coffee,Medium-Light,Taiwan,Ethiopia,8.8,95
GK Coffee,Medium-Light,Taiwan,Ethiopia,16,94
GK Coffee,Medium-Light,Taiwan,Ethiopia,8,93
Paradise Roasters,Medium-Light,United States,Panama,17.59,96
Paradise Roasters,Medium-Light,United States,Ethiopia,5.81,95
Guorizi Zhai Coffee,Medium,Taiwan,Colombia,6.61,93
Black Coffee In Black Jar,Medium,Taiwan,Kenya,32,94
Black Coffee In Black Jar,Medium-Light,Taiwan,Colombia,32,92
Black Coffee In Black Jar,Medium-Light,Taiwan,Guatemala,32,92
Rotate Fun Club,Medium,Taiwan,Kenya,8.53,91
Black Coffee In Black Jar,Medium,Taiwan,El Salvador,32,90
Larry's Coffee,Medium,United States,Ethiopia,4.11,92
Joe Van Gogh,Medium-Light,United States,Ethiopia,4.11,90
Signature Reserve,Medium,United States,Ethiopia,3.32,90
Eight O'Clock Coffee,Medium,United States,Colombia,1.49,88
Starbucks Coffee,Dark,United States,Indonesia,3.08,87
Hula Daddy Kona Coffee,Medium-Light,Hawai'i,Hawai'I,27.76,95
Euphora Coffee,Medium-Light,Taiwan,Panama,45.31,94
Euphora Coffee,Medium-Light,Taiwan,Ethiopia,6.23,91
Bird Rock Coffee Roasters,Medium-Light,United States,Guatemala,5.58,93
JBC Coffee Roasters,Medium-Light,United States,Ethiopia,5.26,94
Revel Coffee,Medium-Light,United States,Ethiopia,5.14,93
Cloud City Coffee,Medium-Light,United States,Ethiopia,5.29,92
Temple Coffee Roasters,Medium-Light,United States,Ethiopia,5.73,92
Paradise Roasters,Medium-Light,United States,Ethiopia,5.81,94
Jackrabbit Java,Medium,United States,Kenya,3.53,92
JBC Coffee Roasters,Medium-Light,United States,Ethiopia,5.41,92
Jackrabbit Java,Medium-Light,United States,Panama,13.23,91
JBC Coffee Roasters,Medium-Light,United States,Peru,4.76,90
Quartet Kaffe,Medium,Taiwan,Ethiopia,9.6,94
Kakalove Cafe,Medium-Light,Taiwan,Kenya,4.6,95
Counter Culture Coffee,Medium-Light,United States,Ethiopia,4.41,93
Equator Coffees,Medium-Light,United States,Ethiopia,5.29,92
JBC Coffee Roasters,Medium-Light,United States,Democratic Republic Of The Congo,5.26,91
JBC Coffee Roasters,Medium-Light,United States,Democratic Republic Of The Congo,5.26,90
Jampot Poorrock Abbey,Medium,United States,Hawai'I,10.58,92
Jampot Poorrock Abbey,Medium,United States,Costa Rica,3.97,91
Dragonfly Coffee Roasters,Medium-Light,United States,Panama,5.88,95
Kona Farm Direct,Medium-Light,Hawai'i,Hawai'I,25.2,94
Kona Farm Direct,Medium-Light,Hawai'i,Hawai'I,17.61,91
Kona Farm Direct,Medium-Light,Hawai'i,Hawai'I,17.61,90
Red Rooster Coffee Roaster,Medium-Light,United States,Ethiopia,6.17,95
Paradise Roasters,Medium-Light,United States,Hawai'I,5.86,92
Revel Coffee,Light,United States,Ethiopia,9.7,96
Indaba Coffee Roasters,Medium-Light,United States,Ethiopia,6.61,94
Fire Ridge Coffee,Medium,United States,Ethiopia,5.29,93
Olympia Coffee Roasting,Medium-Light,United States,Ethiopia,5,93
Bluebeard Coffee Roasters,Medium-Light,United States,Ethiopia,5.29,92
Dapper & Wise,Medium-Light,United States,Ethiopia,5.88,92
Revel Coffee,Medium-Light,United States,Costa Rica,6.76,94
PT's Coffee Roasting Co.,Medium-Light,United States,Colombia,6.91,94
Quartet Kaffe,Medium,Taiwan,Kenya,8.48,92
BeanFruit Coffee Co.,Medium-Light,United States,Colombia,4.85,94
Paradise Roasters,Medium-Light,United States,Hawai'I,22,93
Big Shoulders Coffee,Light,United States,Burundi,6.17,92
Steady State Roasting Company,Medium-Light,United States,Colombia,8.52,94
Steady State Roasting Company,Medium-Light,United States,Colombia,8.52,94
Indaba Coffee Roasters,Medium-Light,United States,Ethiopia,5,93
modcup coffee,Light,United States,Ethiopia,5.88,91
Temple Coffee Roasters,Medium-Light,United States,Democratic Republic Of The Congo,5.88,93
Kakalove Cafe,Medium-Light,Taiwan,Ethiopia,4.25,94
Kakalove Cafe,Medium-Light,Taiwan,Ethiopia,4.25,93
Paradise Roasters,Medium-Light,United States,Colombia,11.73,93
Paradise Roasters,Light,United States,Colombia,7.33,94
Paradise Roasters,Medium-Light,United States,Hawai'I,17.59,93
Press House Coffee,Medium-Light,United States,Nepal,7.05,92
Kona Roasted,Medium,Hawai'i,Hawai'I,10.58,91
Red Rooster Coffee Roaster,Medium-Light,United States,Ethiopia,6.17,96
Greater Goods Coffee Roasters,Medium-Light,United States,Ethiopia,5.58,95
Hula Daddy Kona Coffee,Medium-Light,Hawai'i,Hawai'I,0.17,94
Klatch Coffee,Medium-Light,United States,Panama,20.55,94
modcup coffee,Medium-Light,United States,Colombia,17.64,94
The WestBean Coffee Roasters,Medium,United States,Ethiopia,5.29,93
Plat Coffee Roastery,Medium-Light,Hong Kong,Ethiopia,13.23,94
Cafe Grumpy,Medium-Light,United States,Democratic Republic Of The Congo,5.88,93
Durango Coffee Company,Medium-Light,United States,Colombia,5.86,93
Bird Rock Coffee Roasters,Medium-Light,United States,Colombia,5.58,93
Vennel Coffee,Medium,Taiwan,Ethiopia,8.46,92
Big Island Coffee Roasters,Medium-Light,Hawai'i,Hawai'I,12.35,94
Big Island Coffee Roasters,Medium-Light,Hawai'i,Hawai'I,10.58,93
Rusty's Hawaiian,Medium,Hawai'i,Hawai'I,17.64,93
Paradise Roasters,Medium-Light,United States,Ethiopia,6.75,94
Oak & Bond Coffee Company,Medium,United States,Guatemala,5.58,93
Hala Tree Kona Coffee,Medium,Hawai'i,Hawai'I,13.23,92
GK Coffee,Medium-Light,Taiwan,Kenya,9.28,95
Kakalove Cafe,Medium-Light,Taiwan,Colombia,6.37,92
JBC Coffee Roasters,Medium-Light,United States,Ethiopia,5.51,93
Hala Tree Kona Coffee,Medium-Light,Hawai'i,Hawai'I,14.55,93
Hala Tree Kona Coffee,Medium,Hawai'i,Hawai'I,14.55,92
Corvus Coffee Roasters,Medium-Light,United States,Bolivia,5.88,93
Temple Coffee Roasters,Medium,United States,Ethiopia,6.17,94
Revel Coffee,Medium-Light,United States,Indonesia,6.17,94
Revel Coffee,Medium-Light,United States,Colombia,5,93
Paradise Roasters,Medium,United States,Hawai'I,16.71,94
Dragonfly Coffee Roasters,Medium-Light,United States,Ethiopia,5.88,94
Kakalove Cafe,Medium-Light,Taiwan,Indonesia,3.19,94
States Coffee & Mercantile,Medium-Light,United States,Guatemala,5.29,92
Kakalove Cafe,Medium-Light,Taiwan,Taiwan,11.33,92
JBC Coffee Roasters,Medium-Light,United States,Ethiopia,5.51,96
JBC Coffee Roasters,Medium-Light,United States,Guatemala,5,93
Difference Coffee,,England,Panama,111.11,94
Collage Coffee,,United States,Ethiopia,1.32,93
Bonfire Coffee Company,,United States,Ethiopia,1.34,94
GK Coffee,,Taiwan,Brazil,4.27,94
modcup coffee,Light,United States,Colombia,17.64,94
modcup coffee,Medium-Light,United States,Ethiopia,7.35,94
Hala Tree Kona Coffee,Medium-Light,Hawai'i,Hawai'I,16.75,95
JBC Coffee Roasters,Medium-Light,United States,Kenya,6.17,96
JBC Coffee Roasters,Medium-Light,United States,Kenya,6.17,95
Oak & Bond Coffee Company,Medium-Light,United States,Colombia,5.29,93
JBC Coffee Roasters,Medium-Light,United States,Colombia,6.17,95
Paradise Roasters,Medium-Light,United States,El Salvador,9.96,94
Bird Rock Coffee Roasters,Medium-Light,United States,Colombia,8.23,93
Kakalove Cafe,Medium-Light,Taiwan,Ethiopia,3.89,95
JBC Coffee Roasters,Medium-Light,United States,Ethiopia,5.36,93
RamsHead Coffee Roasters,Medium,United States,El Salvador,5.28,92
Conscious Cup Coffee Roasters,Medium-Light,United States,Guatemala,5.58,94
Jackrabbit Java,Medium-Light,United States,Ethiopia,4.12,94
Jackrabbit Java,Medium-Light,United States,Ethiopia,4.12,90
Paradise Roasters,Light,United States,Nicaragua,11.73,94
Paradise Roasters,Light,United States,Colombia,17.62,94
Atom Coffee Roasters,Medium-Light,Taiwan,Ethiopia,5.77,93
David's Nose,Light,Taiwan,Ethiopia,5.66,94
Atom Coffee Roasters,Medium-Light,Taiwan,Ethiopia,5.82,93
94 Fresh Coffee,Medium-Light,Taiwan,Kenya,8.5,95
Brain Helmet,Medium-Light,United States,Ethiopia,5.29,93
Brain Helmet,Medium-Light,United States,Ethiopia,5.88,90
Atomic Coffee Roasters,Medium-Light,United States,Ethiopia,5.29,93
Wonderstate Coffee,Medium-Light,United States,Ethiopia,5.29,93
Equiano Coffee,Medium-Light,United States,Ethiopia,5.29,95
BLK & Bold,Light,United States,Ethiopia,4.12,94
Merge Coffee Company,Light,United States,Ethiopia,4.7,94
Portrait Coffee,Light,United States,Ethiopia,5.29,94
Southeastern Roastery,Medium-Light,United States,Indonesia,5.29,93
Dr. Bean's Coffee Roasters,Light,United States,Colombia,13.52,92
Drink Coffee Do Stuff,Medium-Light,United States,Kenya,6.17,94
SkyTop Coffee,Medium-Light,United States,Ethiopia,4.41,93
Red Rooster Coffee Roaster,Light,United States,Ethiopia,5.58,94
SkyTop Coffee,Medium-Light,United States,Peru,4.41,93
Red Rooster Coffee Roaster,Light,United States,Ethiopia,5.44,94
Emiliani Coffee,Medium,United States,Indonesia,4.28,91
Emiliani Coffee,Medium-Light,United States,Mexico,4.28,90
Indaba Coffee Roasters,Medium-Light,United States,Ethiopia,4.7,95
Indaba Coffee Roasters,Medium-Light,United States,Ethiopia,4.7,93
Indaba Coffee Roasters,Medium-Light,United States,Ethiopia,4.7,91
Kakalove Cafe,Medium-Light,Taiwan,Kenya,5.66,96
Kakalove Cafe,Medium-Light,Taiwan,Ethiopia,4.11,94
Wonderstate Coffee,Light,United States,Ethiopia,5.88,94
Atom Coffee Roasters,Medium-Light,Taiwan,Guatemala,5.82,93
CofFeeling,Medium-Light,Taiwan,Costa Rica,7.05,92
Paradise Roasters,Light,United States,Hawai'I,7.33,93
Kakalove Cafe,Medium-Light,Taiwan,Guatemala,2.83,93
De Clieu Coffee,Medium-Light,Taiwan,Ethiopia,7.08,93
Durango Coffee Company,Medium,United States,Costa Rica,4.98,92
Dory Coffee Roasters,Medium-Light,Taiwan,Ethiopia,9.74,93
Atomic Coffee Roasters,Medium-Light,United States,Costa Rica,5.29,93
Dragonfly Coffee Roasters,Medium-Light,United States,Ethiopia,6.47,94
Dragonfly Coffee Roasters,Medium-Light,United States,Kenya,7.05,94
Peach Coffee Roasters,Medium-Light,United States,Colombia,8.81,94
JBC Coffee Roasters,Medium-Light,United States,Kenya,6.17,95
Collage Coffee,Medium-Light,United States,Costa Rica,5.64,93
Paradise Roasters,Medium-Light,United States,Hawai'I,26.41,96
Paradise Roasters,Medium-Light,United States,Hawai'I,22,94
Lexington Coffee Roasters,Medium-Light,United States,Ethiopia,5.86,94
JBC Coffee Roasters,Medium-Light,United States,Ethiopia,5.51,94
JBC Coffee Roasters,Medium-Light,United States,Indonesia,5.73,92
David's Nose,Light,Taiwan,Nicaragua,3.54,93
GK Coffee,Medium-Light,Taiwan,El Salvador,8,94
Kaldi's Coffee,Medium-Light,United States,Guatemala,5.29,93
Highwire Coffee Roasters,Medium-Light,United States,Guatemala,5.36,92
Corvus Coffee Roasters,Medium-Light,United States,Guatemala,6.17,93
Bird Rock Coffee Roasters,Medium-Light,United States,Ethiopia,5.88,94
Amavida Coffee Roasters,Medium-Light,United States,Ethiopia,5.88,94
PT's Coffee Roasting Co.,Medium-Light,United States,Ethiopia,5.73,94
Amavida Coffee Roasters,Light,United States,Ethiopia,5.88,93
Hula Daddy Kona Coffee,Medium-Light,Hawai'i,Hawai'I,27.76,95
Rooster Roastery,Medium-Dark,Hawai'i,Hawai'I,11.02,84
Paradise Roasters,Medium-Light,United States,Hawai'I,22,93
Temple Coffee Roasters,Medium-Light,United States,Ethiopia,6.03,94
Flight Coffee Co.,Light,United States,Colombia,4.7,94
Bona Kafo Roastery,Medium-Light,Taiwan,Ethiopia,7.65,94
Bona Kafo Roastery,Light,Taiwan,Panama,80,94
Paradise Roasters,Medium-Light,United States,Nicaragua,7.61,92
Miranda Farms,Medium-Light,Hawai'i,Hawai'I,13.23,94
Kakalove Cafe,Medium-Light,Taiwan,Ethiopia,3.89,94
JBC Coffee Roasters,Medium-Light,United States,Costa Rica,5.26,95
JBC Coffee Roasters,Medium-Light,United States,Ethiopia,5.51,94
JBC Coffee Roasters,Medium-Light,United States,Colombia,12.35,94
Jaunt Coffee Roasters,Light,United States,Ethiopia,6.47,92
JBC Coffee Roasters,Medium-Light,United States,Mexico,5.88,92
Jaunt Coffee Roasters,Medium-Light,United States,Colombia,6.76,91
Jaunt Coffee Roasters,Medium-Light,United States,Colombia,14.11,90
Equator Coffees,Medium,United States,Kenya,6.47,95
Flight Coffee Co.,Medium-Light,United States,Kenya,5,95
Coffee Please,Medium-Light,Taiwan,Kenya,10.57,95
DoDo Kaffa,Medium-Light,Taiwan,Kenya,7.82,95
Evie's Cafe,Medium-Light,Taiwan,Kenya,6.34,94
Kakalove Cafe,Medium-Light,Taiwan,Kenya,4.6,94
Klatch Coffee,Medium-Light,United States,Kenya,6.45,94
Pop Coffee Works,Medium-Light,Canada,Kenya,7.33,94
Small Eyes Cafe,Medium-Light,Taiwan,Kenya,8,94
Steady State Roasting,Medium-Light,United States,Kenya,6.76,94
States Coffee,Medium-Light,United States,Kenya,5.29,94
El Gran Café,Medium-Light,Guatemala,Guatemala,3.82,94
El Gran Café,Medium-Light,Guatemala,Guatemala,4.85,93
El Gran Café,Medium,Guatemala,Guatemala,4.85,92
El Gran Café,Medium-Light,Guatemala,Guatemala,4.85,90
El Gran Café,Medium-Light,Guatemala,Guatemala,2.94,89
El Gran Café,Medium,Guatemala,Guatemala,1.47,86
El Gran Café,Medium-Dark,Guatemala,Guatemala,1.47,86
Kakalove Cafe,Medium-Light,Taiwan,Ethiopia,5.66,97
Peach Coffee Roasters,Medium-Light,United States,Costa Rica,10.58,94
modcup coffee,Medium-Light,United States,Ethiopia,7.35,94
SkyTop Coffee,Medium-Light,United States,Ethiopia,5.29,93
Temple Coffee Roasters,Medium-Light,United States,Kenya,6.91,92
RamsHead Coffee Roasters,Medium-Light,United States,Ethiopia,4.98,94
RamsHead Coffee Roasters,Medium-Light,United States,Costa Rica,6.75,92
Paradise Roasters,Light,United States,Guatemala,17.59,95
Paradise Roasters,Medium-Light,United States,Hawai'I,17.59,94
Stereo Coffee Roasters,Medium-Light,Canada,Colombia,5.88,94
JBC Coffee Roasters,Medium-Light,United States,Colombia,4.64,93
JBC Coffee Roasters,Medium-Light,United States,Kenya,6.47,93
JBC Coffee Roasters,Medium-Light,United States,Ethiopia,5.29,93
Red Rooster Coffee Roaster,Medium-Light,United States,Ethiopia,5.58,94
Three Keys Coffee,Medium-Light,United States,Ethiopia,5.88,92
Simon Hsieh’s Aroma Roast Coffees,Medium,Taiwan,Kenya,12.74,96
Difference Coffee,,England,Panama,100,94
Durango Coffee Company,Medium-Light,United States,Colombia,4.98,94
Paradise Roasters,Light,United States,Taiwan,57.28,94
Bird Rock Coffee Roasters,Medium-Light,United States,Panama,49.97,95
PT's Coffee Roasting Co.,Medium-Light,United States,Panama,28.66,95
Big Shoulders Coffee,Medium-Light,United States,Kenya,6.47,93
Singsun Coffee,Medium-Light,Taiwan,Ethiopia,12.79,94
Singsun Coffee,Medium-Light,Taiwan,Ethiopia,13.67,93
Pro Aroma Enterprise Coffee,Medium-Light,Taiwan,Ethiopia,7.35,94
Pro Aroma Enterprise Coffee,Medium-Light,Taiwan,Ethiopia,7.35,93
Kakalove Cafe,Medium-Light,Taiwan,Panama,16.99,95
Kona Farm Direct,Medium,Hawai'i,Hawai'I,16.12,93
Kona Farm Direct,Medium,Hawai'i,Hawai'I,25.2,93
Kona Farm Direct,Medium-Light,Hawai'i,Hawai'I,16.12,92
Kakalove Cafe,Medium-Light,Taiwan,Ethiopia,4.6,95
Lexington Coffee Roasters,Medium-Light,United States,Colombia,5.57,92
Kakalove Cafe,Medium-Light,Taiwan,Ethiopia,1.98,94
Bird Rock Coffee Roasters,Medium-Light,United States,Colombia,49.97,95
Big Shoulders Coffee,Medium,United States,Ethiopia,5.29,91
Cafe Virtuoso,Light,United States,Ethiopia,5.58,94
Bird Rock Coffee Roasters,Medium-Light,United States,Ethiopia,5.88,93
JBC Coffee Roasters,Medium-Light,United States,Ethiopia,15.43,97
Hula Daddy Kona Coffee,Medium-Light,Hawai'i,Hawai'I,33.05,96
Hula Daddy Kona Coffee,Medium-Light,Hawai'i,Hawai'I,17.61,94
Green Stone Coffee,Medium-Light,Taiwan,Ethiopia,9.6,93
Equiano Coffee,Light,United States,Democratic Republic Of The Congo,5.29,93
Vennel Coffee,Medium-Light,Taiwan,Ethiopia,6.34,95
Peacock Coffee Roaster,Medium-Light,Taiwan,Kenya,6.4,94
Paradise Roasters,Medium-Light,United States,Hawai'I,26.41,95
Red Rooster Coffee Roaster,Light,United States,Ethiopia,6.17,95
Paradise Roasters,Medium-Light,United States,Hawai'I,22,93
Paradise Roasters,Medium-Light,United States,Hawai'I,7.33,93
Cafe Kreyol,Medium,United States,Dominican Republic,3.82,92
Paradise Roasters,Light,United States,Guatemala,17.59,92
Hala Tree Kona Coffee,Medium-Light,Hawai'i,Hawai'I,16.53,95
Hala Tree Kona Coffee,Medium-Light,Hawai'i,Hawai'I,14.55,94
Hala Tree Kona Coffee,Medium,Hawai'i,Hawai'I,14.33,93
Hala Tree Kona Coffee,Medium-Light,Hawai'i,Hawai'I,16.53,93
Kakalove Cafe,Medium-Light,Taiwan,Panama,33.98,96
Lexington Coffee Roasters,Medium-Light,United States,Ethiopia,5.86,95
Big Shoulders Coffee,Medium-Light,United States,Guatemala,5.29,93
Big Shoulders Coffee,Light,United States,Burundi,6.47,93
JBC Coffee Roasters,Medium-Light,United States,Mexico,4.7,92
Merge Coffee Company,Medium-Light,United States,Honduras,5.29,93
"Good Chance Biotechnology, Ltd.",Medium-Light,Taiwan,Kenya,90.83,94
"Good Chance Biotechnology, Ltd.",Medium-Light,Taiwan,Ethiopia,90.83,93
Nostalgia Coffee Roasters,Light,United States,Ethiopia,6.47,94
Simon Hsieh Aroma Roast Coffees,Medium,Taiwan,Ethiopia,15.58,95
Simon Hsieh Aroma Roast Coffees,Medium,Taiwan,Taiwan,15.58,94
SkyTop Coffee,Medium-Light,United States,Colombia,4.41,92
Drink Coffee Do Stuff,Medium-Light,United States,Ethiopia,6.17,91
RamsHead Coffee Roasters,Medium-Light,United States,Guatemala,8.8,93
Euphora Coffee,Light,Taiwan,Guatemala,17.56,94
Sunny's Coffee,Medium-Light,Japan,Guatemala,8.71,93
Coffee Please,Medium-Light,Taiwan,Colombia,6.63,93
Durango Coffee Company,Medium-Light,United States,Costa Rica,4.69,93
94 Fresh Coffee,Light,Taiwan,Ethiopia,6.37,95
Normandy Coffee Thai Cuisine,Medium-Light,Taiwan,Ethiopia,4.25,94
Kauai Coffee Company,Medium,Hawai'i,Hawai'I,17.64,92
Big Shoulders Coffee,Medium-Light,United States,Panama,24.69,96
Souvenir Coffee,Medium-Light,United States,Ethiopia,6.76,95
Paradise Roasters,Light,United States,Ethiopia,7.33,94
Big Shoulders Coffee,Medium-Light,United States,Peru,6.47,93
Paradise Roasters,Medium-Light,United States,Hawai'I,17.59,93
Kakalove Cafe,Medium-Light,Taiwan,Ethiopia,5.31,94
Oceana Coffee,Medium-Light,United States,Ethiopia,6.47,93
Big Island Coffee Roasters,Medium-Light,Hawai'i,Hawai'I,9.52,93
Paradise Roasters,Medium,United States,Thailand,4.98,91
Kakalove Cafe,Light,Taiwan,Kenya,4.96,94
Paradise Roasters,Medium-Light,United States,Thailand,4.98,90
Kakalove Cafe,Medium-Light,Taiwan,Ethiopia,4.25,93
Quartet Kaffe,Medium-Light,Taiwan,Ethiopia,9.6,94
Quartet Kaffe,Medium-Light,Taiwan,Ethiopia,8.32,93
Quartet Kaffe,Medium-Light,Taiwan,Taiwan,28.8,93
RamsHead Coffee Roasters,Medium-Light,United States,Ethiopia,5.57,94
modcup coffee,Light,United States,Colombia,5.88,93
Blues Brew Coffee,Light,Taiwan,Colombia,36.81,94
Brioso Coffee,Medium-Light,United States,Colombia,8.82,94
Plat Coffee Roastery,Medium-Light,Hong Kong,Colombia,14.7,94
One Fresh Cup,Medium-Light,Taiwan,Ethiopia,8.44,95
PT's Coffee Roasting Co.,Light,United States,Ethiopia,6.32,95
Kakalove Cafe,Light,Taiwan,Ethiopia,4.81,95
Big Island Coffee Roasters,Medium-Light,Hawai'i,Hawai'I,11.64,94
Kakalove Cafe,Medium-Light,Taiwan,Ethiopia,4.39,95
Nostalgia Coffee Roasters,Medium-Light,United States,Kenya,8.23,93
Souvenir Coffee,Medium-Light,United States,Costa Rica,5.58,93
Paradise Roasters,Light,United States,Hawai'I,22,94
Paradise Roasters,Light,United States,Hawai'I,26.41,94
Paradise Roasters,Light,United States,Guatemala,22,93
RD Cafe,Medium-Light,Taiwan,Ethiopia,5.38,95
Red Rooster Coffee Roaster,Light,United States,Ethiopia,6.46,95
Jackrabbit Java,Medium-Light,United States,Rwanda,5.88,92
Paradise Roasters,Light,United States,Colombia,9.96,95
Kakalove Cafe,Medium-Light,Taiwan,Colombia,4.39,95
Evie's Cafe,Light,Taiwan,Colombia,8.78,94
Badbeard’s Microroastery,Medium-Light,United States,Colombia,4.18,93
Dory Coffee Roasters,Medium-Light,Taiwan,Colombia,8.35,93
Regent Coffee,Light,United States,Guatemala,8.67,93
Euphora Coffee,Medium-Light,Taiwan,Guatemala,4.41,93
JBC Coffee Roasters,Medium-Light,United States,Indonesia,5,94
Coffee Please,Medium-Light,Taiwan,Ethiopia,5.24,95
Durango Coffee Company,Medium-Light,United States,Colombia,5.57,93
Coffee Please,Medium-Light,Taiwan,Ethiopia,3.55,95
GK Coffee,Medium,Taiwan,Indonesia,7.2,96
Temple Coffee Roasters,Medium-Light,United States,Ethiopia,5.58,94
Temple Coffee Roasters,Medium-Light,United States,Ethiopia,5.58,94
San Francisco Bay Coffee,Medium,United States,Guatemala,4.17,90
Old World Coffee Lab,Medium-Light,United States,Ethiopia,5.58,94
RamsHead Coffee Roasters,Medium-Light,United States,Costa Rica,4.98,92
SOT Coffee Roaster,Light,Japan,Colombia,11.38,96
Wildgoose Coffee Roasters,Light,United States,Kenya,6.17,93
Wonderstate Coffee,Light,United States,Democratic Republic Of The Congo,5.58,93
Green Stone Coffee,Medium-Light,Taiwan,Kenya,9.24,94
1951 Coffee Company,Medium-Light,United States,Ethiopia,6.03,92
Temple Coffee Roasters,Medium-Light,United States,Peru,5.58,92
Temple Coffee Roasters,Medium-Light,United States,Colombia,5.58,92
Paradise Roasters,Medium-Light,United States,Hawai'I,26.41,94
Paradise Roasters,Light,United States,Colombia,8.79,94
Paradise Roasters,Medium,United States,Hawai'I,17.59,92
Lina Premium Coffee,Medium-Dark,United States,Colombia,4.63,91
Bird Rock Coffee Roasters,Medium-Light,United States,Ethiopia,5.88,94
Bird Rock Coffee Roasters,Light,United States,Democratic Republic Of The Congo,6.17,93
RanGuo Coffee,Medium-Light,Taiwan,Ethiopia,5.64,91
San Francisco Bay Coffee,Medium-Light,United States,Ethiopia,4.58,92
Dragonfly Coffee Roasters,Medium-Light,United States,Colombia,3.67,91
Atom Coffee Roasters,Light,Taiwan,Ethiopia,5.82,94
Paradise Roasters,Medium-Light,United States,Yemen,22,94
Roadmap CoffeeWorks,Medium-Light,United States,Democratic Republic Of The Congo,5.57,93
Kakalove Cafe,Medium-Light,Taiwan,Panama,7.08,96
Peach Coffee Roasters,Light,United States,Ethiopia,5.29,94
Merge Coffee Company,Light,United States,Colombia,8.81,94
True Coffee Roasters,Medium-Light,United States,Colombia,3.96,92
True Coffee Roasters,Medium-Light,United States,Colombia,3.96,92
Temple Coffee Roasters,Medium-Light,United States,Ethiopia,6.76,93
Coffee By Design,Medium-Light,United States,Ethiopia,4.08,93
Indaba Coffee Roasters,Medium-Light,United States,Guatemala,8.82,92
Indaba Coffee Roasters,Light,United States,Ethiopia,4.7,91
Hula Daddy Kona Coffee,Medium-Light,Hawai'i,Hawai'I,38.58,96
Willoughby's Coffee & Tea,Light,United States,Panama,26.46,95
Big Island Coffee Roasters,Medium-Light,Hawai'i,Hawai'I,12.35,94
Bird Rock Coffee Roasters,Light,United States,Panama,8.52,94
Hala Tree Kona Coffee,Medium-Light,Hawai'i,Hawai'I,14.55,94
Kona Farm Direct,Medium-Light,Hawai'i,Hawai'I,25.2,94
Origin Coffee Roasters,Medium-Light,Hawai'i,Hawai'I,13.82,93
Islamorada Coffee Roasters,Medium-Light,United States,Uganda,5.88,91
Kakalove Cafe,Medium-Light,Taiwan,Kenya,2.97,95
Kakalove Cafe,Light,Taiwan,Ethiopia,5.31,95
Coffee Please,Medium-Light,Taiwan,Ethiopia,5.12,94
Kakalove Cafe,Medium-Light,Taiwan,Ethiopia,2.97,94
Coffee Please,Light,Taiwan,Ethiopia,4.98,94
Bird Rock Coffee Roasters,Medium-Light,United States,Colombia,8.52,95
JBC Coffee Roasters,Medium-Light,United States,Kenya,6.47,95
Kona Farm Direct,Medium-Light,Hawai'i,Hawai'I,25.17,94
JBC Coffee Roasters,Medium-Light,United States,Yemen,7.72,95
Bird Rock Coffee Roasters,Medium-Light,United States,Colombia,5.58,93
San Francisco Bay Coffee,Medium-Light,United States,Colombia,4.17,91
Cheer Beans,Light,Taiwan,Ethiopia,6.34,92
RamsHead Coffee Roasters,Medium-Light,United States,Costa Rica,8.8,93
Coffee By Design,Medium-Light,United States,Kenya,4.08,93
CofFeeling,Medium-Light,Taiwan,Colombia,3.52,92
Euphora Coffee,Medium-Light,Taiwan,Ethiopia,4.41,93
Thanksgiving Coffee Company,Medium-Light,United States,Panama,13.23,92
Sunny's Coffee,Light,Japan,Ethiopia,9.22,92
Sunny's Coffee,Light,Japan,Ethiopia,9.22,91
Sunny's Coffee,Light,Japan,Ethiopia,9.22,90
Sunny's Coffee,Light,Japan,Ethiopia,9.22,90
Paradise Roasters,Medium-Light,United States,Hawai'I,26.41,94
Amavida Coffee Roasters,Medium-Light,United States,Colombia,5.88,93
David's Nose,Medium-Light,Taiwan,Ethiopia,5.66,93
Jade Cafe,Light,Taiwan,Ethiopia,8.53,93
Big Shoulders Coffee ,Medium-Light,United States,Colombia,7.35,94
Coffee Please,Medium-Light,Taiwan,Ethiopia,7.89,95
Paradise Roasters,Medium-Light,United States,Ethiopia,7.33,95
Bird Rock Coffee Roasters,Medium-Light,United States,Colombia,7.35,94
Willoughby's Coffee & Tea,Medium-Light,United States,Panama,7.27,94
De Clieu Coffee,Medium-Light,Taiwan,Ethiopia,9.2,93
Geisha Coffee Roaster,Medium-Light,United States,Panama,3.25,93
Nine Point Coffee,Medium,Taiwan,Ethiopia,7.11,93
Steady State Roasting,Medium-Light,United States,Colombia,8.82,93
Kakalove Cafe,Medium-Light,Taiwan,Kenya,4.6,94
GK Coffee,Medium-Light,Taiwan,Ethiopia,8,95
GK Coffee,Medium-Light,Taiwan,Kenya,8.8,94
RamsHead Coffee Roasters,Medium-Light,United States,Ethiopia,5.28,94
Jackrabbit Java,Medium-Light,United States,Ethiopia,4.12,91
Big Shoulders Coffee,Medium-Light,United States,Kenya,6.47,95
Big Shoulders Coffee,Medium-Light,United States,Ethiopia,7.35,94
Lina Premium Coffee,Medium-Light,United States,Colombia,7.35,94
Lina Premium Coffee,Medium-Light,United States,Colombia,7.28,90
JBC Coffee Roasters,Medium-Light,United States,Colombia,7.94,94
Ming's Coffee Playroom,Light,Taiwan,Mexico,6.4,93
Paradise Roasters,Light,United States,Nicaragua,26.41,94
Pro Aroma Enterprise Coffee,Medium-Light,Taiwan,Ethiopia,7.05,95
Pro Aroma Enterprise Coffee,Light,Taiwan,Ethiopia,5.88,94
Three Keys Coffee,Medium-Light,United States,Democratic Republic Of The Congo,5.88,94
Olympia Coffee,Light,United States,Burundi,6.61,93
Mamechamame Coffee,Light,Japan,Rwanda,7.56,93
Valverde Coffee Roasters,Medium,United States,Burundi,5.64,92
Kakalove Cafe,Medium-Light,Taiwan,Ethiopia,4.11,96
Kakalove Cafe,Medium-Light,Taiwan,Taiwan,19.82,95
Kakalove Cafe,Light,Taiwan,Ethiopia,4.6,95
JBC Coffee Roasters,Medium-Light,United States,Ethiopia,5.29,95
Nostalgia Coffee Roasters,Medium-Light,United States,Colombia,8.23,94
Big Shoulders Coffee,Medium-Light,United States,Colombia,7.35,93
Le Brewlife,Medium-Light,Taiwan,Colombia,10.67,93
Le Brewlife,Light,Taiwan,Ethiopia,13.87,93
Rusty’s Hawaiian,Medium-Light,Hawai'i,Hawai'I,22.05,95
Peach Coffee Roasters,Light,United States,Ecuador,13.23,94
Peach Coffee Roasters,Medium-Light,United States,Colombia,8.52,93
JBC Coffee Roasters,Medium-Light,United States,Kenya,6.03,95
JBC Coffee Roasters,Medium-Light,United States,Ecuador,6.17,95
JBC Coffee Roasters,Medium-Light,United States,Indonesia,5.26,94
Dragonfly Coffee Roasters,Light,United States,Yemen,15.43,94
GK Coffee,Light,Taiwan,Costa Rica,9.6,94
SOT Coffee Roaster,Light,Japan,Brazil,21.46,94
Dragonfly Coffee Roasters,Medium-Light,United States,Yemen,15.43,93
Dragonfly Coffee Roasters,Medium-Light,United States,Yemen,15.43,93
GK Coffee,,Taiwan,Brazil,4,94
Kakalove Cafe,Light,Taiwan,Ethiopia,5.31,95
Kakalove Cafe,Light,Taiwan,Ethiopia,5.81,95
Coffee Please,Medium-Light,Taiwan,Ethiopia,8.96,94
Difference Coffee,,England,Panama,111.11,94
LECO Coffee,Light,Taiwan,Ethiopia,7.05,94
EK Roast Studio,Light,Taiwan,Ethiopia,6.34,93
LECO Coffee,Medium-Light,Taiwan,Colombia,7.05,93
EK Roast Studio,Medium-Light,Taiwan,Yemen,9.59,94
Coffee Please,Medium-Light,Taiwan,Kenya,6.68,93
Home in Harmony,Medium-Light,Taiwan,Ethiopia,4.93,94
Temple Coffee Roasters,Medium-Light,United States,Ethiopia,6.32,92
Cafe Kreyol,Medium-Light,United States,Dominican Republic,3.82,90
Paradise Roasters,Light,United States,Tanzania,66.09,95
Baba Java Coffee,Medium-Light,United States,Panama,17.64,92
RamsHead Coffee Roasters,Medium-Light,United States,Nicaragua,5.28,92
Taster’s Coffee,Light,Taiwan,Ethiopia,21.38,94
Drink Coffee Do Stuff,Medium-Light,United States,Ethiopia,6.47,93
Euphora Coffee,Medium-Light,Taiwan,Ethiopia,4.53,94
Mr. Chao Coffee,Medium-Light,Taiwan,Ethiopia,3.67,91
JBC Coffee Roasters,Medium-Light,United States,Colombia,13.23,95
Barrington Coffee Roasting,Light,United States,Ethiopia,16.15,97
JBC Coffee Roasters,Medium-Light,United States,Colombia,5.58,94
JBC Coffee Roasters,Medium-Light,United States,Indonesia,5.73,93
JBC Coffee Roasters,Light,United States,Ethiopia,5.29,94
Temple Coffee Roasters,Medium-Light,United States,Guatemala,6.61,93
Temple Coffee Roasters,Medium-Light,United States,Ethiopia,6.03,93
JBC Coffee Roasters,Medium-Light,United States,Guatemala,6.03,93
JBC Coffee Roasters,Medium-Light,United States,Kenya,6.47,93
Novo Coffee Roasters,Medium-Light,United States,Guatemala,5.58,93
Qin Mi Coffee,Medium-Light,Taiwan,Guatemala,9.16,92
Plat Coffee Roastery,Medium-Light,Hong Kong,Colombia,17.64,94
Hidden Coffee HK,Light,Hong Kong,Panama,39,93
Hidden Coffee HK,Medium-Light,Hong Kong,Bolivia,17.94,91
Drink Coffee Do Stuff,Medium-Light,United States,Kenya,7.05,94
Paradise Roasters,Light,United States,Nicaragua,8.79,94
Paradise Roasters,Medium-Light,United States,Hawai'I,22,94
Bird Rock Coffee Roasters,Medium-Light,United States,Kenya,7.05,95
RamsHead Coffee Roasters,Medium-Light,United States,El Salvador,5.28,93
Jackrabbit Java,Medium-Light,United States,Ethiopia,4.7,93
Fresh Roasted Coffee,Medium-Light,United States,Democratic Republic Of The Congo,4.69,92
Temple Coffee Roasters,Medium-Light,United States,Mexico,6.91,93
JBC Coffee Roasters,Light,United States,Guatemala,5,92
JBC Coffee Roasters,Medium-Light,United States,Mexico,4.7,92
Mr. Chao Coffee,Medium-Light,Taiwan,Kenya,4.16,93
Mr. Chao Coffee,Medium-Light,Taiwan,Kenya,4.16,93
Metropolis Coffee,Medium,United States,Colombia,3.69,91
Metropolis Coffee,Medium-Light,United States,Colombia,3.69,90
Le Brewlife,Medium-Light,Taiwan,Taiwan,20.22,90
Santos Coffee,Medium-Light,Hawai'i,Ethiopia,4.27,93
Paradise Roasters,Light,United States,Panama,22,95
Paradise Roasters,Medium-Light,United States,Ethiopia,7.33,94
Paradise Roasters,Medium-Light,United States,Hawai'I,22,94
JBC Coffee Roasters,Light,United States,Costa Rica,9.48,95
JBC Coffee Roasters,Medium-Light,United States,Kenya,6.17,95
Roadmap CoffeeWorks,Medium-Light,United States,Ethiopia,5.86,94
Coffee by Design,Medium-Light,United States,Kenya,4.08,92
Roadmap CoffeeWorks,Medium-Light,United States,Ethiopia,5.86,93
Jaunt Coffee Roasters,Light,United States,Ethiopia,7.64,95
True Coffee Roasters,Medium-Light,United States,Brazil,3.63,92
Taster's Coffee,,Taiwan,Ethiopia,3.17,93
Jaunt Coffee Roasters,Medium-Light,United States,Kenya,7.05,92
Cafe Unido,Medium-Light,United States,Panama,23.52,95
Temple Coffee Roasters,Medium-Light,United States,Kenya,6.91,94
Port of Mokha,,United States,Yemen,39.68,96
Dragonfly Coffee Roasters,Medium-Light,United States,Yemen,17.64,93
Qima Coffee,Medium-Light,England,Yemen,20.83,93
Euphora Coffee,Medium-Light,Taiwan,Yemen,21.52,92
Durango Coffee Company,Medium-Light,United States,Colombia,5.57,94
RamsHead Coffee Roasters,Medium-Light,United States,Honduras,4.98,93
Taster's Coffee,,Taiwan,Ethiopia,3.17,93
David's Nose,Medium-Light,Taiwan,Ethiopia,5.66,93
Kona Love Coffee Co.,Medium-Light,Hawai'i,Hawai'I,10.29,92
Kona Love Coffee Co.,Medium,Hawai'i,Hawai'I,10.29,90
Kakalove Cafe,Medium-Light,Taiwan,Ethiopia,3.89,94
Kakalove Cafe,Medium-Light,Taiwan,Guatemala,5.31,94
Kakalove Cafe,Medium-Light,Taiwan,Guatemala,8.5,94
Kakalove Cafe,Light,Taiwan,Ethiopia,4.6,93
Red Rooster Coffee Roaster,Medium-Light,United States,Kenya,6.61,96
Red Rooster Coffee Roaster,Medium-Light,United States,Ethiopia,5.73,94
Simon Hsieh Aroma Roast Coffees,Medium,Taiwan,Kenya,12.04,94
Big Shoulders Coffee,Medium-Light,United States,Colombia,12.35,94
Mr. Chao Coffee,Medium-Light,Taiwan,Ethiopia,3.52,91
Dragonfly Coffee Roasters,Medium-Light,United States,Panama,6.61,94
Coffee Please,Light,Taiwan,Ethiopia,5.64,94
JBC Coffee Roasters,Medium-Light,United States,Ethiopia,5.88,93
Dragonfly Coffee Roasters,Medium-Light,United States,Panama,8.82,94
Coffee Please,Medium-Light,Taiwan,Ethiopia,12.52,93
Mystic Monk Coffee,Medium-Light,United States,Ethiopia,4.1,92
JBC Coffee Roasters,Medium-Light,United States,Ethiopia,5.58,95
Bird Rock Coffee Roasters,Medium-Light,United States,El Salvador,6.17,95
RamsHead Coffee Roasters,Light,United States,Ethiopia,5.57,94
RamsHead Coffee Roasters,Medium-Light,United States,Colombia,10.57,94
Paradise Roasters,Medium-Light,United States,Hawai'I,44.09,93
Samlin Coffee,Light,Taiwan,Ethiopia,7.04,94
Green Stone Coffee,Medium-Light,Taiwan,Kenya,10.67,95
Kakalove Cafe,Medium-Light,Taiwan,Guatemala,3.19,94
Kakalove Cafe,Medium-Light,Taiwan,Ethiopia,3.96,94
Hula Daddy Kona Coffee,Medium-Light,Hawai'i,Hawai'I,27.76,96
Genesis Coffee Lab,Light,United States,Ethiopia,23.37,95
Hula Daddy Kona Coffee,Medium-Light,Hawai'i,Hawai'I,27.76,95
Jaunt Coffee Roasters,Light,United States,Colombia,6.76,93
Durango Coffee Company,Medium-Light,United States,Colombia,5.86,94
Nostalgia Coffee Roasters,Medium-Light,United States,Ethiopia,6.47,95
Red Rock Roasters,Medium,United States,Ethiopia,4.7,94
Oceana Coffee,Light,United States,Ethiopia,6.47,94
Kakalove Cafe,Light,Taiwan,Guatemala,10.62,96
PT's Coffee Roasting Co.,Light,United States,Colombia,26.46,95
Chromatic Coffee,Medium-Light,United States,Tanzania,70.55,95
Equator Coffees,Medium-Light,United States,Colombia,35.27,94
Omine Coffee,Light,Taiwan,Guatemala,16,94
Coffee By Design,Light,United States,Ethiopia,5.44,90
Hula Daddy Kona Coffee,Medium-Light,Hawai'i,Hawai'I,39.66,95
Hula Daddy Kona Coffee,Medium-Light,Hawai'i,Hawai'I,22.02,95
Cafe Kreyol,Medium-Light,United States,Ethiopia,4.7,93
Temple Coffee Roasters,Medium-Light,United States,Kenya,6.91,93
Temple Coffee Roasters,Medium-Light,United States,Ethiopia,5.88,92
Cafe Kreyol,Medium-Light,United States,Honduras,3.82,91
Peach Coffee Roasters,Medium-Light,United States,Colombia,8.23,93
Taster’s Coffee,Light,Taiwan,Ethiopia,16.28,96
Hula Daddy Kona Coffee,Medium-Light,Hawai'i,Hawai'I,22.02,96
Paradise Roasters,Medium-Light,United States,Panama,132.28,97
Genesis Coffee Lab,Light,United States,Ethiopia,127.87,96
modcup coffee,Light,United States,Panama,29.39,94
Big Island Coffee Roasters,Medium-Light,Hawai'i,Hawai'I,16.75,94
Kakalove Cafe,Light,Taiwan,Ethiopia,5.31,94
Paradise Roasters,Medium-Light,United States,Philippines,11.76,93
Jaunt Coffee Roasters,Medium-Light,United States,Ethiopia,7.35,92
Hula Daddy Kona Coffee,Medium-Light,Hawai'i,Hawai'I,27.76,94
Mr. Espresso,Medium-Light,United States,Ethiopia,5,92
Coffee By Design,Medium-Light,United States,Ethiopia,4.08,91
Old Soul Co.,Medium-Light,United States,Ethiopia,5.88,92
Mute Roaster,Light,China,Ethiopia,22.53,90
El Gran Cafe,Medium-Light,Guatemala,Guatemala,3.82,90
Luv Moshi,Medium-Light,Taiwan,Kenya,7.08,93
El Gran Cafe,Medium-Light,Guatemala,Guatemala,2.94,92
El Gran Cafe,Light,Guatemala,Guatemala,3.82,87
El Gran Cafe,Light,Guatemala,Guatemala,4.85,87
El Gran Cafe,Medium,Guatemala,Guatemala,1.47,88
El Gran Cafe,Light,Guatemala,Guatemala,4.85,90
El Gran Cafe,Medium-Light,Guatemala,Guatemala,4.85,92
El Gran Cafe,Light,Guatemala,Guatemala,3.82,88
El Gran Cafe,Medium,Guatemala,Guatemala,1.47,89
Difference Coffee,Medium-Light,England,Panama,80,96
Collage Coffee,Medium-Light,United States,Ethiopia,5.64,93
States Coffee,Medium-Light,United States,Ethiopia,5.29,93
States Coffee,Medium-Light,United States,Kenya,5.29,94
States Coffee,Medium-Light,United States,Ethiopia,5.29,93
VERYTIME,Light,Taiwan,Ethiopia,7.79,94
Simon Hsieh Aroma Roast Coffees,Medium,Taiwan,Ethiopia,12.04,96
Paradise Roasters,Medium-Light,United States,Hawai'I,22.05,94
JBC Coffee Roasters,Medium-Light,United States,Kenya,6.47,93
Old World Coffee Lab,Medium-Light,United States,Ethiopia,5.58,92
Paradise Roasters,Medium-Light,United States,Hawai'I,26.46,94
Old World Coffee Lab,Medium-Light,United States,Ethiopia,6.03,93
Old World Coffee Lab,Medium-Light,United States,Ethiopia,5.88,92
Paradise Roasters,Light,United States,Panama,44.09,95
Paradise Roasters,Medium-Light,United States,Ethiopia,7.35,95
JBC Coffee Roasters,Medium-Light,United States,Yemen,8.82,93
Jaunt Coffee Roasters,Light,United States,Guatemala,10.58,94
Revel Coffee,Medium-Light,United States,Costa Rica,7.64,93
RamsHead Coffee Roasters,Medium-Light,United States,Kenya,4.98,94
Conscious Cup Coffee Roasters,Medium-Light,United States,Colombia,8.52,92
Conscious Cup Coffee Roasters,Medium-Light,United States,Ethiopia,7.05,93
GK Coffee,Light,Taiwan,Ethiopia,10.4,93
modcup coffee,Light,United States,Panama,11.02,95
Corvus Coffee Roasters,Medium-Light,United States,Ethiopia,5.58,94
modcup coffee,Medium-Light,United States,Ethiopia,11.02,94
Corvus Coffee Roasters,Medium-Light,United States,Ethiopia,5.58,92
Folklore Coffee,Medium-Light,United States,Costa Rica,7.35,92
GK Coffee,Medium-Light,Taiwan,Ethiopia,8.8,93
Kona Love Coffee Co.,Medium,Hawai'i,Hawai'I,7.72,91
Cafe Kreyol,Medium-Light,United States,Colombia,15.41,94
Cafe Kreyol,Medium-Light,United States,Colombia,11,92
JBC Coffee Roasters,Medium-Light,United States,Guatemala,5.58,94
Kakalove Cafe,Medium-Light,Taiwan,Ethiopia,11.33,96
Jackrabbit Java,Medium-Light,United States,Uganda,5.29,93
JBC Coffee Roasters,Medium-Light,United States,Ethiopia,5.88,95
Kakalove Cafe,Medium-Light,Taiwan,Ethiopia,2.97,95
JBC Coffee Roasters,Medium-Light,United States,Ethiopia,5.58,93
Jackrabbit Java,Medium-Light,United States,Hawai'I,11.32,92
Taster's Coffee,Light,Taiwan,Ethiopia,13.45,95
Paradise Roasters,Medium-Light,United States,Indonesia,7.35,94
Home in Harmony,Medium-Light,Taiwan,Costa Rica,5.64,94
Home in Harmony,Medium-Light,Taiwan,Ethiopia,4.93,93
Cafe Red Bean Shop,Light,Taiwan,Ethiopia,7.05,94
Drink Coffee Do Stuff,Medium-Light,United States,Colombia,6.76,93
Battlecreek Coffee,Light,United States,Costa Rica,5.88,91
JBC Coffee Roasters,Medium-Light,United States,Kenya,6.47,94
Kona Love Coffee Co.,Medium-Light,Hawai'i,Hawai'I,9.92,92
Oak & Bond Coffee Company,Medium-Light,United States,Guatemala,5.58,93
Jaunt Coffee Roasters,Light,United States,Ethiopia,7.35,92
JBC Coffee Roasters,Medium-Light,United States,Ethiopia,5.58,94
Satur Specialty Coffee,Medium-Light,Taiwan,Panama,6.68,94
VERYTIME,Medium-Light,Taiwan,Ethiopia,6.37,93
VERYTIME,Medium-Light,Taiwan,Ethiopia,6.37,93
Satur Specialty Coffee,Medium-Light,Taiwan,Indonesia,5.26,93
VERYTIME,Light,Taiwan,Ethiopia,4.25,91
Hula Daddy Kona Coffee,Medium-Light,Hawai'i,Hawai'I,22.02,95
Luv Moshi,Medium-Light,Taiwan,Colombia,4.67,93
JBC Coffee Roasters,Medium-Light,United States,Yemen,11.02,94
Tipico Coffee,Light,United States,El Salvador,6.47,94
Tipico Coffee,Medium-Light,United States,Ethiopia,5.22,93
Tipico Coffee,Medium-Light,United States,Guatemala,6.47,93
Bird Rock Coffee Roasters,Light,United States,Colombia,40.56,96
Paradise Roasters,Light,United States,Colombia,35.27,97
Monarch Coffee,Medium-Light,Hawai'i,Hawai'I,36.11,94
Paradise Roasters,Medium-Light,United States,Hawai'I,35.27,94
Paradise Roasters,Medium-Light,United States,Hawai'I,22.05,95
Paradise Roasters,Medium-Light,United States,Honduras,10.58,93
Monarch Coffee,Medium-Light,Hawai'i,Hawai'I,37.04,92
Monarch Coffee,Medium-Light,Hawai'i,Hawai'I,11.46,91
Paradise Roasters,Medium,United States,Hawai'I,17.64,92
Ba Yang Coffee,Medium-Light,Taiwan,Ethiopia,2.26,92
Paradise Roasters,Light,United States,Colombia,14.11,96
Kakalove Cafe,Medium-Light,Taiwan,Ethiopia,4.96,95
SkyTop Coffee,Medium-Light,United States,Ethiopia,5.88,94
Jaunt Coffee Roasters,Light,United States,Ethiopia,7.64,94
Magnolia Coffee,Medium-Light,United States,Ethiopia,5.58,94
SkyTop Coffee,Medium-Light,United States,Ethiopia,5.88,94
Kakalove Cafe,Medium-Light,Taiwan,Kenya,5.1,94
Min Enjoy Cafe,Light,Taiwan,Honduras,8.21,93
Vennel Coffee,Medium-Light,Taiwan,Kenya,10.57,95
Paradise Roasters,Medium-Light,United States,Hawai'I,26.46,95
GK Coffee,Medium,Taiwan,Panama,25.6,95
Hula Daddy Kona Coffee,Medium,Hawai'i,Hawai'I,29.08,95
Simon Hsieh Aroma Roast Coffees,Medium-Dark,Taiwan,Ecuador,115.2,95
Paradise Roasters,Medium-Dark,United States,Indonesia,8.82,94
Rusty's Hawaiian,Medium,Hawai'i,Hawai'I,10.05,94
Chaos Coffee Company,Medium-Dark,United States,Indonesia,4.26,93
Green Stone Coffee,Medium-Dark,Taiwan,Kenya,6.98,93
Peet's Coffee,Medium-Dark,United States,Kenya,3.96,92
Starbucks Coffee,Dark,United States,Indonesia,3.82,90
Kakalove Cafe,Medium-Light,Taiwan,Taiwan,11.33,94
Merge Coffee Company,Medium-Light,United States,Ethiopia,5.29,94
Jaunt Coffee Roasters,Light,United States,Ethiopia,7.64,95
JBC Coffee Roasters,Medium-Light,United States,Ethiopia,5.58,94
Jaunt Coffee Roasters,Light,United States,Colombia,7.64,94
Nostalgia Coffee Roasters,Medium,United States,Mexico,5.29,92
RamsHead Coffee Roasters,Medium-Light,United States,Costa Rica,5.86,93
RamsHead Coffee Roasters,Medium-Light,United States,Guatemala,4.98,92
Roadmap Coffeeworks,Medium-Light,Kenya,Kenya,6.91,94
JBC Coffee Roasters,Medium-Light,United States,Burundi,6.47,92
Paradise Roasters,Medium-Light,United States,Ecuador,123.46,96
JBC Coffee Roasters,Medium-Light,United States,Indonesia,7.05,94
GK Coffee,Medium,Taiwan,Kenya,8.8,95
JBC Coffee Roasters,Medium-Light,United States,Democratic Republic Of The Congo,5.58,93
Dragonfly Coffee Roasters,Medium-Light,United States,Kenya,5.88,93
Ramshead Coffee Roasters,Medium-Light,United States,Ethiopia,5.73,95
Paradise Roasters,Medium-Light,United States,Hawai'I,26.46,94
Paradise Roasters,Light,United States,Colombia,14.11,94
Cozy House Coffee,Medium-Light,Taiwan,Ethiopia,4.93,94
Cozy House Coffee,Medium-Light,Taiwan,Ethiopia,4.93,93
Cozy House Coffee,Medium-Light,Taiwan,Costa Rica,5.64,94
Cozy House Coffee,Medium-Light,Taiwan,Ethiopia,4.93,94
Cozy House Coffee,Medium-Light,Taiwan,Guatemala,4.93,93
Yellow Brick Coffee,Medium-Light,United States,Guatemala,5.29,93
Coffee by Design,Medium-Light,United States,Costa Rica,6.76,94
Coffee by Design,Medium-Light,United States,Kenya,4.85,93
Coffee by Design,Medium-Light,United States,Honduras,5.44,93
Coffee by Design,Medium-Light,United States,Rwanda,6.76,92
VERYTIME,Medium-Light,Taiwan,Ethiopia,5.66,94
Peach Coffee Roasters,Medium-Light,United States,Brazil,8.23,93
Spix's Cafe,Medium-Light,Taiwan,Brazil,4.81,93
Cafe Red Bean Shop,Medium-Light,Taiwan,Costa Rica,7.75,94
Paradise Roasters,Medium-Light,United States,Colombia,8.82,94
Paradise Roasters,Medium-Light,United States,Colombia,11.17,94
modcup coffee,Medium-Light,United States,Colombia,5.88,93
1980 CAFE,Medium-Light,Taiwan,Ethiopia,6.34,92
1980 CAFE,Medium-Light,Taiwan,Ethiopia,6.34,90
Hub Coffee Roasters,Medium-Light,United States,Colombia,5.73,92
Hub Coffee Roasters,Medium-Light,United States,Colombia,5.29,90
Peach Coffee Roasters,Medium-Light,United States,Nicaragua,5.29,93
Peach Coffee Roasters,Medium-Light,United States,Colombia,5.88,93
Quartet Kaffe,Medium-Light,Taiwan,Ethiopia,19.84,94
Atom Coffee Roasters,Medium-Light,Taiwan,Kenya,6.55,94
Kakalove Cafe,Medium-Light,Taiwan,Kenya,5.66,96
JBC Coffee Roasters,Medium-Light,United States,Kenya,6.76,95
JBC Coffee Roasters,Medium-Light,United States,Ethiopia,5.58,94
Kakalove Cafe,Medium-Light,Taiwan,Ethiopia,4.6,95
Kakalove Cafe,Medium-Light,Taiwan,Ethiopia,4.6,95
Rusty Dog Coffee,Medium-Light,United States,Ethiopia,5.22,93
Modern Times Coffee,Medium-Light,United States,Ethiopia,5.29,93
modcup coffee,Medium-Light,United States,Ethiopia,11.02,93
Paradise Roasters,Medium-Light,United States,Colombia,8.82,94
PT's Coffee Roasting Co.,Medium-Light,United States,Colombia,7.35,94
GK Coffee,Medium-Light,Taiwan,Colombia,16,94
Barrington Coffee Roasting,Medium-Light,United States,Ethiopia,5.42,95
Felala Coffee Lab,Medium-Light,Taiwan,Ethiopia,5.1,95
Hula Daddy Kona Coffee,Medium-Light,Hawai'i,Hawai'I,27.76,95
modcup coffee,Medium-Light,United States,Colombia,7.94,95
PT's Coffee Roasting Co.,Medium-Light,United States,Panama,28.66,95
Paradise Roasters,Medium-Light,United States,Hawai'I,26.46,95
Merge Coffee Company,Medium-Light,United States,Ethiopia,5.58,94
Merge Coffee Company,Medium-Light,United States,Costa Rica,5.58,93
Roadmap CoffeeWorks,Medium-Light,United States,Costa Rica,6.76,94
Roadmap CoffeeWorks,Medium-Light,United States,Ethiopia,5.73,92
Mostra Coffee,Medium-Light,United States,Colombia,15.71,95
Buon Caffe,Medium-Light,Taiwan,Kenya,4.94,94
Mostra Coffee,Medium-Light,United States,Philippines,15.58,93
Buon Caffe,Medium-Light,Taiwan,Costa Rica,11.17,93
Buon Caffe,Medium-Light,Taiwan,Ethiopia,4.94,92
Jackrabbit Java,Medium-Light,United States,Mexico,4.12,91
Jaunt Coffee Roasters,Medium-Light,United States,Kenya,6.76,93
The Reverse Orangutan,Light,United States,Ethiopia,6.47,93
Espresso Republic,Medium-Light,United States,Ethiopia,4.69,93
Branch Street Coffee Roasters,Medium-Light,United States,Colombia,5.86,93
PT's Coffee Roasting Co.,Medium-Light,United States,Panama,13.23,95
GK Coffee,Light,Taiwan,Panama,3.39,95
Difference Coffee,,England,Panama,111.11,94
GK Coffee,Medium-Light,Taiwan,Costa Rica,9.6,94
GK Coffee,Medium-Light,Taiwan,Costa Rica,9.6,93
Regent Coffee,Medium-Light,United States,Burundi,6.17,94
Jaunt Coffee Roasters,Medium-Light,United States,Colombia,7.64,93
Jaunt Coffee Roasters,Medium-Light,United States,Burundi,5.88,92
Quartet Kaffe,Medium-Light,Taiwan,Ethiopia,14.08,94
Cafe Fugu Roasters,Medium-Light,Taiwan,Costa Rica,10.08,92
Kakalove Cafe,Medium-Light,Taiwan,Taiwan,15.58,94
Trident Coffee,Medium,United States,Peru,5.28,92
Trident Coffee,Medium-Light,United States,Brazil,5.28,90
JBC Coffee Roasters,Medium-Light,United States,Ethiopia,5.58,94
Paradise Roasters,Light,United States,Colombia,11.17,94
1980 CAFE,Light,Taiwan,Ethiopia,6.34,93
1980 CAFE,Medium-Light,Taiwan,Ethiopia,6.34,93
RamsHead Coffee Roasters,Medium-Light,United States,Rwanda,5.14,93
Moore Coffee,Medium-Light,United States,El Salvador,5.48,95
Bird Rock Coffee Roasters,Medium-Light,United States,Ethiopia,6.47,94
St1 Cafe/Work Room,Light,Taiwan,Ethiopia,8,93
JBC Coffee Roasters,Medium-Light,United States,Indonesia,6.17,94
Coffee By Design,Light,United States,Indonesia,4.74,94
Coffee By Design,Medium-Light,United States,Colombia,4.08,92
JBC Coffee Roasters,Medium-Light,United States,Ethiopia,5.58,95
Dragonfly Coffee Roasters,Medium-Light,United States,Panama,44.09,95
Dragonfly Coffee Roasters,Medium-Light,United States,Panama,44.09,94
Desolate Café,Light,Taiwan,Ethiopia,8.46,92
Quartet Kaffe,Medium-Light,Taiwan,Panama,2.36,95
CafeTaster,Medium-Light,Taiwan,Peru,7.05,92
JBC Coffee Roasters,Medium-Light,United States,Guatemala,5,93
Hula Daddy Kona Coffee,Medium-Light,Hawai'i,Hawai'I,22.02,96
RamsHead Coffee Roasters,Medium-Light,United States,Nicaragua,5.14,93
Red Rooster Coffee Roaster,Medium-Light,United States,Ethiopia,6.47,95
Jaunt Coffee Roasters,Medium-Light,United States,Ethiopia,6.47,93
Roadmap CoffeeWorks,Medium-Light,United States,Colombia,8.38,95
Buon Caffe,Medium-Light,Taiwan,Indonesia,5.65,93
Buon Caffe,Light,Taiwan,Ethiopia,6.07,93
Per’la Specialty Roasters,Light,United States,Ethiopia,7.05,95
Cup to Cup Coffee Roasters,Medium-Light,United States,Ethiopia,3.53,93
Evie's Cafe,Medium-Light,Taiwan,Ethiopia,2.83,93
Wonderstate Coffee,Medium-Light,United States,Mexico,5.58,93
Water Street Coffee,Medium-Light,United States,Mexico,4.91,91
Cafe Kreyol,Medium-Light,United States,Colombia,11.61,94
Nostalgia Coffee Roasters,Light,United States,Colombia,35.27,95
Kona View Coffee,Medium,Hawai'i,Hawai'I,10.14,93
Bird Rock Coffee Roasters,Light,United States,Colombia,9.17,95
Muka Coffee,Light,Taiwan,Ethiopia,4.4,93
Yellow Brick Coffee,Medium-Light,United States,Ethiopia,5.88,94
CafeTaster,Medium-Light,Taiwan,Kenya,8.46,95
Dory Coffee Roasters,Light,Taiwan,Kenya,10.43,94
Chousin Coffee Collection,Light,Taiwan,Ecuador,6.37,93
Chousin Coffee Collection,Light,Taiwan,Kenya,7.08,92
Big Island Coffee Roasters,Light,Hawai'i,Hawai'I,25.57,94
Big Island Coffee Roasters,Medium-Light,Hawai'i,Hawai'I,17.28,94
Kakalove Cafe,Medium-Light,Taiwan,Kenya,5.52,96
Temple Coffee,Light,United States,Ethiopia,7.5,95
Kakalove Cafe,Light,Taiwan,Ethiopia,8.5,95
Kakalove Cafe,Light,Taiwan,Ethiopia,9.91,95
Kakalove Cafe,Medium-Light,Taiwan,Guatemala,3.4,94
Kakalove Cafe,Medium-Light,Taiwan,Guatemala,4.96,94
Temple Coffee,Medium-Light,United States,Guatemala,6.47,93
Speckled Ax,Medium-Light,United States,Mexico,6.47,93
Press Coffee,Medium-Light,United States,Peru,7.64,94
Press Coffee,Medium-Light,United States,Colombia,5.58,93
Taster's Coffee,Light,Taiwan,Ethiopia,7.33,93
GK Coffee,Light,Taiwan,Ethiopia,8.8,95
GK Coffee,Medium-Light,Taiwan,Ethiopia,8.8,94
Roadmap CoffeeWorks,Medium-Light,United States,Kenya,6.45,94
David's Nose,Medium-Light,Taiwan,Kenya,5.66,94
Hula Daddy Kona Coffee,Medium-Light,Hawai'i,Hawai'I,21.14,96
Mostra Coffee,Medium-Light,United States,Kenya,6.8,94
Branch Street Coffee Roasters,Light,United States,Ethiopia,6.88,94
Mostra Coffee,Medium-Light,United States,Kenya,6.8,94
Kakalove Cafe,Light,Taiwan,Ethiopia,4.6,95
Golin Coffee Roasters,Light,Taiwan,Ethiopia,7.2,92
Golin Coffee Roasters,Light,Taiwan,Ethiopia,8,92
Golin Coffee Roasters,Light,Taiwan,Ethiopia,7.2,93
Old World Coffee Lab,Medium-Light,United States,Colombia,7.35,92
AKA Coffee Roasters,Medium-Light,Taiwan,Kenya,7.33,93
Bassline Coffee,Light,United States,Ethiopia,7.41,93
Blanchard's Coffee,Medium-Light,United States,Kenya,5.31,93
ILSE Coffee Roasters,Medium-Light,United States,Kenya,6.91,93
Rest Coffee Roasters,Light,New Taiwan,Costa Rica,9.46,93
Swelter Coffee,Medium-Light,United States,Ethiopia,5.29,93
Sightseer Coffee,Medium,United States,Ethiopia,5.88,92
Fumi Coffee Company,Light,Taiwan,Ethiopia,6.51,95
Cozy House Coffee,Medium-Light,Taiwan,Kenya,7.05,95
Magnolia Coffee,Medium-Light,United States,Ethiopia,6.47,95
Bargain Cafe,Light,Taiwan,Ethiopia,3.89,92
Rubasse Coffee Roaster,Light,Taiwan,Colombia,11.95,92
Chiming Coffee,Medium-Light,Taiwan,Costa Rica,9.6,90
Chiming Coffee,Medium-Light,Taiwan,Costa Rica,16,93
JYL Cafe,Medium-Light,Taiwan,Colombia,8.32,95
Balmy Day Coffee Office,Medium-Light,Taiwan,Costa Rica,9.04,92
Dr. Young Cafe,Light,Taiwan,Colombia,9.91,93
Kakalove Cafe,Medium-Light,Taiwan,Taiwan,1.36,95
El Gran Cafe,Medium-Light,Guatemala,Guatemala,4.85,92
El Gran Cafe,Medium,Guatemala,Guatemala,1.47,91
El Gran Cafe,Medium-Light,Guatemala,Guatemala,1.47,91
Euphora Coffee,Light,Taiwan,Ethiopia,8.82,95
Euphora Coffee,Medium-Light,Taiwan,Guatemala,4.41,93
VERYTIME,Light,Taiwan,Colombia,14.16,94
San Francisco Bay Coffee Company,Medium-Light,United States,Hawai'I,13.52,95
Durango Coffee Companuy,Medium-Light,United States,Costa Rica,5.57,94
Amavida Coffee Roasters,Medium-Light,United States,Peru,8.82,93
Chromatic Coffee,Medium-Light,United States,El Salvador,9.17,92
GK Coffee,Medium-Light,Taiwan,El Salvador,8.8,92
Small Eyes Cafe,Light,Taiwan,Panama,6.08,92
Tico Coffee Roasters,Medium-Light,United States,Costa Rica,5.88,91
Bird Rock Coffee Roasters,Light,United States,Colombia,8.11,94
Samlin Coffee,Medium-Light,Taiwan,Ethiopia,7.04,92
El Gran Cafe,Medium-Light,Guatemala,Guatemala,4.7,92
El Gran Cafe,Medium-Light,Guatemala,Guatemala,2.94,93
El Gran Cafe,Medium-Light,Guatemala,Guatemala,2.94,93
El Gran Cafe,Medium-Light,Guatemala,Guatemala,4.7,93
El Gran Cafe,Medium-Light,Guatemala,Guatemala,5.88,94
